x,y,T
0.000000,0.000000,1.000000
0.020408,0.000000,0.979600
0.040816,0.000000,0.959185
0.061224,0.000000,0.938769
0.081633,0.000000,0.918372
0.102041,0.000000,0.897962
0.122449,0.000000,0.877556
0.142857,0.000000,0.857141
0.163265,0.000000,0.836727
0.183673,0.000000,0.816322
0.204082,0.000000,0.795923
0.224490,0.000000,0.775523
0.244898,0.000000,0.755117
0.265306,0.000000,0.734702
0.285714,0.000000,0.714281
0.306122,0.000000,0.693857
0.326531,0.000000,0.673431
0.346939,0.000000,0.653005
0.367347,0.000000,0.632581
0.387755,0.000000,0.612158
0.408163,0.000000,0.591736
0.428571,0.000000,0.571316
0.448980,0.000000,0.550898
0.469388,0.000000,0.530481
0.489796,0.000000,0.510066
0.510204,0.000000,0.489652
0.530612,0.000000,0.469240
0.551020,0.000000,0.448829
0.571429,0.000000,0.428419
0.591837,0.000000,0.408010
0.612245,0.000000,0.387603
0.632653,0.000000,0.367196
0.653061,0.000000,0.346791
0.673469,0.000000,0.326386
0.693878,0.000000,0.305982
0.714286,0.000000,0.285580
0.734694,0.000000,0.265178
0.755102,0.000000,0.244777
0.775510,0.000000,0.224376
0.795918,0.000000,0.203976
0.816327,0.000000,0.183577
0.836735,0.000000,0.163178
0.857143,0.000000,0.142780
0.877551,0.000000,0.122382
0.897959,0.000000,0.101984
0.918367,0.000000,0.081587
0.938776,0.000000,0.061190
0.959184,0.000000,0.040793
0.979592,0.000000,0.020397
1.000000,0.000000,0.000000
0.000000,0.020408,1.000000
0.020408,0.020408,0.979600
0.040816,0.020408,0.959185
0.061224,0.020408,0.938769
0.081633,0.020408,0.918372
0.102041,0.020408,0.897962
0.122449,0.020408,0.877556
0.142857,0.020408,0.857141
0.163265,0.020408,0.836727
0.183673,0.020408,0.816322
0.204082,0.020408,0.795923
0.224490,0.020408,0.775523
0.244898,0.020408,0.755117
0.265306,0.020408,0.734702
0.285714,0.020408,0.714281
0.306122,0.020408,0.693857
0.326531,0.020408,0.673431
0.346939,0.020408,0.653005
0.367347,0.020408,0.632581
0.387755,0.020408,0.612158
0.408163,0.020408,0.591736
0.428571,0.020408,0.571316
0.448980,0.020408,0.550898
0.469388,0.020408,0.530481
0.489796,0.020408,0.510066
0.510204,0.020408,0.489652
0.530612,0.020408,0.469240
0.551020,0.020408,0.448829
0.571429,0.020408,0.428419
0.591837,0.020408,0.408010
0.612245,0.020408,0.387603
0.632653,0.020408,0.367196
0.653061,0.020408,0.346791
0.673469,0.020408,0.326386
0.693878,0.020408,0.305982
0.714286,0.020408,0.285580
0.734694,0.020408,0.265178
0.755102,0.020408,0.244777
0.775510,0.020408,0.224376
0.795918,0.020408,0.203976
0.816327,0.020408,0.183577
0.836735,0.020408,0.163178
0.857143,0.020408,0.142780
0.877551,0.020408,0.122382
0.897959,0.020408,0.101984
0.918367,0.020408,0.081587
0.938776,0.020408,0.061190
0.959184,0.020408,0.040793
0.979592,0.020408,0.020397
1.000000,0.020408,0.000000
0.000000,0.040816,1.000000
0.020408,0.040816,0.979593
0.040816,0.040816,0.959187
0.061224,0.040816,0.938775
0.081633,0.040816,0.918371
0.102041,0.040816,0.897959
0.122449,0.040816,0.877553
0.142857,0.040816,0.857141
0.163265,0.040816,0.836729
0.183673,0.040816,0.816325
0.204082,0.040816,0.795925
0.224490,0.040816,0.775524
0.244898,0.040816,0.755116
0.265306,0.040816,0.734701
0.285714,0.040816,0.714280
0.306122,0.040816,0.693856
0.326531,0.040816,0.673430
0.346939,0.040816,0.653005
0.367347,0.040816,0.632580
0.387755,0.040816,0.612157
0.408163,0.040816,0.591736
0.428571,0.040816,0.571316
0.448980,0.040816,0.550898
0.469388,0.040816,0.530481
0.489796,0.040816,0.510066
0.510204,0.040816,0.489652
0.530612,0.040816,0.469240
0.551020,0.040816,0.448829
0.571429,0.040816,0.428419
0.591837,0.040816,0.408010
0.612245,0.040816,0.387603
0.632653,0.040816,0.367196
0.653061,0.040816,0.346791
0.673469,0.040816,0.326386
0.693878,0.040816,0.305983
0.714286,0.040816,0.285580
0.734694,0.040816,0.265178
0.755102,0.040816,0.244777
0.775510,0.040816,0.224376
0.795918,0.040816,0.203976
0.816327,0.040816,0.183577
0.836735,0.040816,0.163178
0.857143,0.040816,0.142780
0.877551,0.040816,0.122382
0.897959,0.040816,0.101984
0.918367,0.040816,0.081587
0.938776,0.040816,0.061190
0.959184,0.040816,0.040793
0.979592,0.040816,0.020397
1.000000,0.040816,0.000000
0.000000,0.061224,1.000000
0.020408,0.061224,0.979594
0.040816,0.061224,0.959186
0.061224,0.061224,0.938774
0.081633,0.061224,0.918369
0.102041,0.061224,0.897957
0.122449,0.061224,0.877553
0.142857,0.061224,0.857143
0.163265,0.061224,0.836731
0.183673,0.061224,0.816326
0.204082,0.061224,0.795926
0.224490,0.061224,0.775523
0.244898,0.061224,0.755115
0.265306,0.061224,0.734700
0.285714,0.061224,0.714279
0.306122,0.061224,0.693855
0.326531,0.061224,0.673430
0.346939,0.061224,0.653004
0.367347,0.061224,0.632580
0.387755,0.061224,0.612157
0.408163,0.061224,0.591736
0.428571,0.061224,0.571316
0.448980,0.061224,0.550898
0.469388,0.061224,0.530481
0.489796,0.061224,0.510066
0.510204,0.061224,0.489653
0.530612,0.061224,0.469240
0.551020,0.061224,0.448829
0.571429,0.061224,0.428419
0.591837,0.061224,0.408011
0.612245,0.061224,0.387603
0.632653,0.061224,0.367196
0.653061,0.061224,0.346791
0.673469,0.061224,0.326386
0.693878,0.061224,0.305983
0.714286,0.061224,0.285580
0.734694,0.061224,0.265178
0.755102,0.061224,0.244777
0.775510,0.061224,0.224376
0.795918,0.061224,0.203976
0.816327,0.061224,0.183577
0.836735,0.061224,0.163178
0.857143,0.061224,0.142780
0.877551,0.061224,0.122382
0.897959,0.061224,0.101985
0.918367,0.061224,0.081587
0.938776,0.061224,0.061190
0.959184,0.061224,0.040793
0.979592,0.061224,0.020397
1.000000,0.061224,0.000000
0.000000,0.081633,1.000000
0.020408,0.081633,0.979595
0.040816,0.081633,0.959184
0.061224,0.081633,0.938773
0.081633,0.081633,0.918368
0.102041,0.081633,0.897958
0.122449,0.081633,0.877555
0.142857,0.081633,0.857144
0.163265,0.081633,0.836733
0.183673,0.081633,0.816327
0.204082,0.081633,0.795926
0.224490,0.081633,0.775523
0.244898,0.081633,0.755114
0.265306,0.081633,0.734698
0.285714,0.081633,0.714278
0.306122,0.081633,0.693854
0.326531,0.081633,0.673429
0.346939,0.081633,0.653004
0.367347,0.081633,0.632580
0.387755,0.081633,0.612157
0.408163,0.081633,0.591736
0.428571,0.081633,0.571316
0.448980,0.081633,0.550898
0.469388,0.081633,0.530482
0.489796,0.081633,0.510067
0.510204,0.081633,0.489653
0.530612,0.081633,0.469241
0.551020,0.081633,0.448829
0.571429,0.081633,0.428420
0.591837,0.081633,0.408011
0.612245,0.081633,0.387603
0.632653,0.081633,0.367197
0.653061,0.081633,0.346791
0.673469,0.081633,0.326387
0.693878,0.081633,0.305983
0.714286,0.081633,0.285580
0.734694,0.081633,0.265178
0.755102,0.081633,0.244777
0.775510,0.081633,0.224377
0.795918,0.081633,0.203977
0.816327,0.081633,0.183577
0.836735,0.081633,0.163179
0.857143,0.081633,0.142780
0.877551,0.081633,0.122382
0.897959,0.081633,0.101985
0.918367,0.081633,0.081587
0.938776,0.081633,0.061190
0.959184,0.081633,0.040793
0.979592,0.081633,0.020397
1.000000,0.081633,0.000000
0.000000,0.102041,1.000000
0.020408,0.102041,0.979595
0.040816,0.102041,0.959184
0.061224,0.102041,0.938773
0.081633,0.102041,0.918369
0.102041,0.102041,0.897958
0.122449,0.102041,0.877556
0.142857,0.102041,0.857145
0.163265,0.102041,0.836733
0.183673,0.102041,0.816327
0.204082,0.102041,0.795925
0.224490,0.102041,0.775522
0.244898,0.102041,0.755113
0.265306,0.102041,0.734697
0.285714,0.102041,0.714277
0.306122,0.102041,0.693853
0.326531,0.102041,0.673428
0.346939,0.102041,0.653004
0.367347,0.102041,0.632580
0.387755,0.102041,0.612157
0.408163,0.102041,0.591736
0.428571,0.102041,0.571316
0.448980,0.102041,0.550898
0.469388,0.102041,0.530482
0.489796,0.102041,0.510067
0.510204,0.102041,0.489653
0.530612,0.102041,0.469241
0.551020,0.102041,0.448830
0.571429,0.102041,0.428420
0.591837,0.102041,0.408011
0.612245,0.102041,0.387604
0.632653,0.102041,0.367197
0.653061,0.102041,0.346792
0.673469,0.102041,0.326387
0.693878,0.102041,0.305984
0.714286,0.102041,0.285581
0.734694,0.102041,0.265179
0.755102,0.102041,0.244778
0.775510,0.102041,0.224377
0.795918,0.102041,0.203977
0.816327,0.102041,0.183578
0.836735,0.102041,0.163179
0.857143,0.102041,0.142781
0.877551,0.102041,0.122383
0.897959,0.102041,0.101985
0.918367,0.102041,0.081588
0.938776,0.102041,0.061190
0.959184,0.102041,0.040794
0.979592,0.102041,0.020397
1.000000,0.102041,0.000000
0.000000,0.122449,1.000000
0.020408,0.122449,0.979595
0.040816,0.122449,0.959184
0.061224,0.122449,0.938773
0.081633,0.122449,0.918369
0.102041,0.122449,0.897959
0.122449,0.122449,0.877557
0.142857,0.122449,0.857146
0.163265,0.122449,0.836733
0.183673,0.122449,0.816327
0.204082,0.122449,0.795924
0.224490,0.122449,0.775521
0.244898,0.122449,0.755112
0.265306,0.122449,0.734696
0.285714,0.122449,0.714276
0.306122,0.122449,0.693852
0.326531,0.122449,0.673428
0.346939,0.122449,0.653003
0.367347,0.122449,0.632579
0.387755,0.122449,0.612157
0.408163,0.122449,0.591736
0.428571,0.122449,0.571317
0.448980,0.122449,0.550899
0.469388,0.122449,0.530482
0.489796,0.122449,0.510067
0.510204,0.122449,0.489654
0.530612,0.122449,0.469241
0.551020,0.122449,0.448830
0.571429,0.122449,0.428420
0.591837,0.122449,0.408012
0.612245,0.122449,0.387604
0.632653,0.122449,0.367198
0.653061,0.122449,0.346792
0.673469,0.122449,0.326388
0.693878,0.122449,0.305984
0.714286,0.122449,0.285581
0.734694,0.122449,0.265179
0.755102,0.122449,0.244778
0.775510,0.122449,0.224377
0.795918,0.122449,0.203977
0.816327,0.122449,0.183578
0.836735,0.122449,0.163179
0.857143,0.122449,0.142781
0.877551,0.122449,0.122383
0.897959,0.122449,0.101985
0.918367,0.122449,0.081588
0.938776,0.122449,0.061191
0.959184,0.122449,0.040794
0.979592,0.122449,0.020397
1.000000,0.122449,0.000000
0.000000,0.142857,1.000000
0.020408,0.142857,0.979595
0.040816,0.142857,0.959184
0.061224,0.142857,0.938773
0.081633,0.142857,0.918370
0.102041,0.142857,0.897960
0.122449,0.142857,0.877557
0.142857,0.142857,0.857146
0.163265,0.142857,0.836733
0.183673,0.142857,0.816326
0.204082,0.142857,0.795923
0.224490,0.142857,0.775520
0.244898,0.142857,0.755111
0.265306,0.142857,0.734695
0.285714,0.142857,0.714275
0.306122,0.142857,0.693852
0.326531,0.142857,0.673427
0.346939,0.142857,0.653003
0.367347,0.142857,0.632579
0.387755,0.142857,0.612157
0.408163,0.142857,0.591736
0.428571,0.142857,0.571317
0.448980,0.142857,0.550899
0.469388,0.142857,0.530483
0.489796,0.142857,0.510068
0.510204,0.142857,0.489654
0.530612,0.142857,0.469242
0.551020,0.142857,0.448831
0.571429,0.142857,0.428421
0.591837,0.142857,0.408012
0.612245,0.142857,0.387605
0.632653,0.142857,0.367198
0.653061,0.142857,0.346793
0.673469,0.142857,0.326388
0.693878,0.142857,0.305985
0.714286,0.142857,0.285582
0.734694,0.142857,0.265180
0.755102,0.142857,0.244778
0.775510,0.142857,0.224378
0.795918,0.142857,0.203978
0.816327,0.142857,0.183578
0.836735,0.142857,0.163180
0.857143,0.142857,0.142781
0.877551,0.142857,0.122383
0.897959,0.142857,0.101985
0.918367,0.142857,0.081588
0.938776,0.142857,0.061191
0.959184,0.142857,0.040794
0.979592,0.142857,0.020397
1.000000,0.142857,0.000000
0.000000,0.163265,1.000000
0.020408,0.163265,0.979595
0.040816,0.163265,0.959184
0.061224,0.163265,0.938774
0.081633,0.163265,0.918370
0.102041,0.163265,0.897960
0.122449,0.163265,0.877557
0.142857,0.163265,0.857146
0.163265,0.163265,0.836733
0.183673,0.163265,0.816325
0.204082,0.163265,0.795923
0.224490,0.163265,0.775519
0.244898,0.163265,0.755110
0.265306,0.163265,0.734695
0.285714,0.163265,0.714275
0.306122,0.163265,0.693851
0.326531,0.163265,0.673427
0.346939,0.163265,0.653003
0.367347,0.163265,0.632579
0.387755,0.163265,0.612157
0.408163,0.163265,0.591736
0.428571,0.163265,0.571317
0.448980,0.163265,0.550899
0.469388,0.163265,0.530483
0.489796,0.163265,0.510068
0.510204,0.163265,0.489655
0.530612,0.163265,0.469242
0.551020,0.163265,0.448831
0.571429,0.163265,0.428422
0.591837,0.163265,0.408013
0.612245,0.163265,0.387605
0.632653,0.163265,0.367199
0.653061,0.163265,0.346793
0.673469,0.163265,0.326389
0.693878,0.163265,0.305985
0.714286,0.163265,0.285582
0.734694,0.163265,0.265180
0.755102,0.163265,0.244779
0.775510,0.163265,0.224378
0.795918,0.163265,0.203978
0.816327,0.163265,0.183579
0.836735,0.163265,0.163180
0.857143,0.163265,0.142781
0.877551,0.163265,0.122383
0.897959,0.163265,0.101986
0.918367,0.163265,0.081588
0.938776,0.163265,0.061191
0.959184,0.163265,0.040794
0.979592,0.163265,0.020397
1.000000,0.163265,0.000000
0.000000,0.183673,1.000000
0.020408,0.183673,0.979595
0.040816,0.183673,0.959184
0.061224,0.183673,0.938774
0.081633,0.183673,0.918370
0.102041,0.183673,0.897960
0.122449,0.183673,0.877557
0.142857,0.183673,0.857145
0.163265,0.183673,0.836732
0.183673,0.183673,0.816325
0.204082,0.183673,0.795922
0.224490,0.183673,0.775518
0.244898,0.183673,0.755109
0.265306,0.183673,0.734694
0.285714,0.183673,0.714274
0.306122,0.183673,0.693851
0.326531,0.183673,0.673427
0.346939,0.183673,0.653003
0.367347,0.183673,0.632579
0.387755,0.183673,0.612157
0.408163,0.183673,0.591737
0.428571,0.183673,0.571318
0.448980,0.183673,0.550900
0.469388,0.183673,0.530484
0.489796,0.183673,0.510069
0.510204,0.183673,0.489655
0.530612,0.183673,0.469243
0.551020,0.183673,0.448832
0.571429,0.183673,0.428422
0.591837,0.183673,0.408014
0.612245,0.183673,0.387606
0.632653,0.183673,0.367200
0.653061,0.183673,0.346794
0.673469,0.183673,0.326389
0.693878,0.183673,0.305986
0.714286,0.183673,0.285583
0.734694,0.183673,0.265181
0.755102,0.183673,0.244779
0.775510,0.183673,0.224379
0.795918,0.183673,0.203979
0.816327,0.183673,0.183579
0.836735,0.183673,0.163180
0.857143,0.183673,0.142782
0.877551,0.183673,0.122384
0.897959,0.183673,0.101986
0.918367,0.183673,0.081588
0.938776,0.183673,0.061191
0.959184,0.183673,0.040794
0.979592,0.183673,0.020397
1.000000,0.183673,0.000000
0.000000,0.204082,1.000000
0.020408,0.204082,0.979595
0.040816,0.204082,0.959184
0.061224,0.204082,0.938774
0.081633,0.204082,0.918370
0.102041,0.204082,0.897960
0.122449,0.204082,0.877556
0.142857,0.204082,0.857145
0.163265,0.204082,0.836731
0.183673,0.204082,0.816324
0.204082,0.204082,0.795921
0.224490,0.204082,0.775518
0.244898,0.204082,0.755109
0.265306,0.204082,0.734694
0.285714,0.204082,0.714274
0.306122,0.204082,0.693851
0.326531,0.204082,0.673427
0.346939,0.204082,0.653003
0.367347,0.204082,0.632580
0.387755,0.204082,0.612158
0.408163,0.204082,0.591737
0.428571,0.204082,0.571318
0.448980,0.204082,0.550900
0.469388,0.204082,0.530484
0.489796,0.204082,0.510069
0.510204,0.204082,0.489656
0.530612,0.204082,0.469244
0.551020,0.204082,0.448833
0.571429,0.204082,0.428423
0.591837,0.204082,0.408014
0.612245,0.204082,0.387607
0.632653,0.204082,0.367200
0.653061,0.204082,0.346795
0.673469,0.204082,0.326390
0.693878,0.204082,0.305986
0.714286,0.204082,0.285583
0.734694,0.204082,0.265181
0.755102,0.204082,0.244780
0.775510,0.204082,0.224379
0.795918,0.204082,0.203979
0.816327,0.204082,0.183580
0.836735,0.204082,0.163181
0.857143,0.204082,0.142782
0.877551,0.204082,0.122384
0.897959,0.204082,0.101986
0.918367,0.204082,0.081589
0.938776,0.204082,0.061191
0.959184,0.204082,0.040794
0.979592,0.204082,0.020397
1.000000,0.204082,0.000000
0.000000,0.224490,1.000000
0.020408,0.224490,0.979595
0.040816,0.224490,0.959184
0.061224,0.224490,0.938774
0.081633,0.224490,0.918370
0.102041,0.224490,0.897959
0.122449,0.224490,0.877556
0.142857,0.224490,0.857144
0.163265,0.224490,0.836731
0.183673,0.224490,0.816324
0.204082,0.224490,0.795921
0.224490,0.224490,0.775517
0.244898,0.224490,0.755108
0.265306,0.224490,0.734694
0.285714,0.224490,0.714274
0.306122,0.224490,0.693851
0.326531,0.224490,0.673427
0.346939,0.224490,0.653003
0.367347,0.224490,0.632580
0.387755,0.224490,0.612158
0.408163,0.224490,0.591737
0.428571,0.224490,0.571318
0.448980,0.224490,0.550901
0.469388,0.224490,0.530485
0.489796,0.224490,0.510070
0.510204,0.224490,0.489656
0.530612,0.224490,0.469244
0.551020,0.224490,0.448833
0.571429,0.224490,0.428424
0.591837,0.224490,0.408015
0.612245,0.224490,0.387607
0.632653,0.224490,0.367201
0.653061,0.224490,0.346795
0.673469,0.224490,0.326391
0.693878,0.224490,0.305987
0.714286,0.224490,0.285584
0.734694,0.224490,0.265182
0.755102,0.224490,0.244781
0.775510,0.224490,0.224380
0.795918,0.224490,0.203980
0.816327,0.224490,0.183580
0.836735,0.224490,0.163181
0.857143,0.224490,0.142783
0.877551,0.224490,0.122384
0.897959,0.224490,0.101986
0.918367,0.224490,0.081589
0.938776,0.224490,0.061191
0.959184,0.224490,0.040794
0.979592,0.224490,0.020397
1.000000,0.224490,0.000000
0.000000,0.244898,1.000000
0.020408,0.244898,0.979595
0.040816,0.244898,0.959184
0.061224,0.244898,0.938774
0.081633,0.244898,0.918370
0.102041,0.244898,0.897959
0.122449,0.244898,0.877555
0.142857,0.244898,0.857144
0.163265,0.244898,0.836731
0.183673,0.244898,0.816323
0.204082,0.244898,0.795920
0.224490,0.244898,0.775517
0.244898,0.244898,0.755108
0.265306,0.244898,0.734693
0.285714,0.244898,0.714274
0.306122,0.244898,0.693851
0.326531,0.244898,0.673427
0.346939,0.244898,0.653003
0.367347,0.244898,0.632580
0.387755,0.244898,0.612158
0.408163,0.244898,0.591738
0.428571,0.244898,0.571319
0.448980,0.244898,0.550901
0.469388,0.244898,0.530485
0.489796,0.244898,0.510071
0.510204,0.244898,0.489657
0.530612,0.244898,0.469245
0.551020,0.244898,0.448834
0.571429,0.244898,0.428424
0.591837,0.244898,0.408016
0.612245,0.244898,0.387608
0.632653,0.244898,0.367202
0.653061,0.244898,0.346796
0.673469,0.244898,0.326392
0.693878,0.244898,0.305988
0.714286,0.244898,0.285585
0.734694,0.244898,0.265183
0.755102,0.244898,0.244781
0.775510,0.244898,0.224380
0.795918,0.244898,0.203980
0.816327,0.244898,0.183581
0.836735,0.244898,0.163182
0.857143,0.244898,0.142783
0.877551,0.244898,0.122385
0.897959,0.244898,0.101987
0.918367,0.244898,0.081589
0.938776,0.244898,0.061192
0.959184,0.244898,0.040794
0.979592,0.244898,0.020397
1.000000,0.244898,0.000000
0.000000,0.265306,1.000000
0.020408,0.265306,0.979595
0.040816,0.265306,0.959184
0.061224,0.265306,0.938773
0.081633,0.265306,0.918369
0.102041,0.265306,0.897959
0.122449,0.265306,0.877555
0.142857,0.265306,0.857144
0.163265,0.265306,0.836730
0.183673,0.265306,0.816323
0.204082,0.265306,0.795920
0.224490,0.265306,0.775517
0.244898,0.265306,0.755108
0.265306,0.265306,0.734693
0.285714,0.265306,0.714274
0.306122,0.265306,0.693851
0.326531,0.265306,0.673427
0.346939,0.265306,0.653004
0.367347,0.265306,0.632581
0.387755,0.265306,0.612159
0.408163,0.265306,0.591738
0.428571,0.265306,0.571320
0.448980,0.265306,0.550902
0.469388,0.265306,0.530486
0.489796,0.265306,0.510071
0.510204,0.265306,0.489658
0.530612,0.265306,0.469246
0.551020,0.265306,0.448835
0.571429,0.265306,0.428425
0.591837,0.265306,0.408017
0.612245,0.265306,0.387609
0.632653,0.265306,0.367203
0.653061,0.265306,0.346797
0.673469,0.265306,0.326392
0.693878,0.265306,0.305989
0.714286,0.265306,0.285586
0.734694,0.265306,0.265183
0.755102,0.265306,0.244782
0.775510,0.265306,0.224381
0.795918,0.265306,0.203981
0.816327,0.265306,0.183581
0.836735,0.265306,0.163182
0.857143,0.265306,0.142783
0.877551,0.265306,0.122385
0.897959,0.265306,0.101987
0.918367,0.265306,0.081589
0.938776,0.265306,0.061192
0.959184,0.265306,0.040794
0.979592,0.265306,0.020397
1.000000,0.265306,0.000000
0.000000,0.285714,1.000000
0.020408,0.285714,0.979595
0.040816,0.285714,0.959184
0.061224,0.285714,0.938773
0.081633,0.285714,0.918369
0.102041,0.285714,0.897959
0.122449,0.285714,0.877555
0.142857,0.285714,0.857143
0.163265,0.285714,0.836730
0.183673,0.285714,0.816323
0.204082,0.285714,0.795920
0.224490,0.285714,0.775517
0.244898,0.285714,0.755108
0.265306,0.285714,0.734694
0.285714,0.285714,0.714274
0.306122,0.285714,0.693851
0.326531,0.285714,0.673428
0.346939,0.285714,0.653004
0.367347,0.285714,0.632581
0.387755,0.285714,0.612159
0.408163,0.285714,0.591739
0.428571,0.285714,0.571320
0.448980,0.285714,0.550903
0.469388,0.285714,0.530487
0.489796,0.285714,0.510072
0.510204,0.285714,0.489659
0.530612,0.285714,0.469247
0.551020,0.285714,0.448836
0.571429,0.285714,0.428426
0.591837,0.285714,0.408017
0.612245,0.285714,0.387610
0.632653,0.285714,0.367203
0.653061,0.285714,0.346798
0.673469,0.285714,0.326393
0.693878,0.285714,0.305989
0.714286,0.285714,0.285586
0.734694,0.285714,0.265184
0.755102,0.285714,0.244783
0.775510,0.285714,0.224382
0.795918,0.285714,0.203982
0.816327,0.285714,0.183582
0.836735,0.285714,0.163183
0.857143,0.285714,0.142784
0.877551,0.285714,0.122385
0.897959,0.285714,0.101987
0.918367,0.285714,0.081590
0.938776,0.285714,0.061192
0.959184,0.285714,0.040795
0.979592,0.285714,0.020397
1.000000,0.285714,0.000000
0.000000,0.306122,1.000000
0.020408,0.306122,0.979595
0.040816,0.306122,0.959184
0.061224,0.306122,0.938773
0.081633,0.306122,0.918369
0.102041,0.306122,0.897958
0.122449,0.306122,0.877555
0.142857,0.306122,0.857143
0.163265,0.306122,0.836730
0.183673,0.306122,0.816323
0.204082,0.306122,0.795920
0.224490,0.306122,0.775517
0.244898,0.306122,0.755108
0.265306,0.306122,0.734694
0.285714,0.306122,0.714274
0.306122,0.306122,0.693852
0.326531,0.306122,0.673428
0.346939,0.306122,0.653004
0.367347,0.306122,0.632581
0.387755,0.306122,0.612160
0.408163,0.306122,0.591740
0.428571,0.306122,0.571321
0.448980,0.306122,0.550903
0.469388,0.306122,0.530487
0.489796,0.306122,0.510073
0.510204,0.306122,0.489659
0.530612,0.306122,0.469247
0.551020,0.306122,0.448836
0.571429,0.306122,0.428427
0.591837,0.306122,0.408018
0.612245,0.306122,0.387611
0.632653,0.306122,0.367204
0.653061,0.306122,0.346799
0.673469,0.306122,0.326394
0.693878,0.306122,0.305990
0.714286,0.306122,0.285587
0.734694,0.306122,0.265185
0.755102,0.306122,0.244783
0.775510,0.306122,0.224382
0.795918,0.306122,0.203982
0.816327,0.306122,0.183582
0.836735,0.306122,0.163183
0.857143,0.306122,0.142784
0.877551,0.306122,0.122386
0.897959,0.306122,0.101988
0.918367,0.306122,0.081590
0.938776,0.306122,0.061192
0.959184,0.306122,0.040795
0.979592,0.306122,0.020397
1.000000,0.306122,0.000000
0.000000,0.326531,1.000000
0.020408,0.326531,0.979595
0.040816,0.326531,0.959184
0.061224,0.326531,0.938773
0.081633,0.326531,0.918369
0.102041,0.326531,0.897958
0.122449,0.326531,0.877555
0.142857,0.326531,0.857143
0.163265,0.326531,0.836730
0.183673,0.326531,0.816323
0.204082,0.326531,0.795920
0.224490,0.326531,0.775517
0.244898,0.326531,0.755108
0.265306,0.326531,0.734694
0.285714,0.326531,0.714274
0.306122,0.326531,0.693852
0.326531,0.326531,0.673428
0.346939,0.326531,0.653005
0.367347,0.326531,0.632582
0.387755,0.326531,0.612160
0.408163,0.326531,0.591740
0.428571,0.326531,0.571321
0.448980,0.326531,0.550904
0.469388,0.326531,0.530488
0.489796,0.326531,0.510073
0.510204,0.326531,0.489660
0.530612,0.326531,0.469248
0.551020,0.326531,0.448837
0.571429,0.326531,0.428428
0.591837,0.326531,0.408019
0.612245,0.326531,0.387611
0.632653,0.326531,0.367205
0.653061,0.326531,0.346799
0.673469,0.326531,0.326395
0.693878,0.326531,0.305991
0.714286,0.326531,0.285588
0.734694,0.326531,0.265186
0.755102,0.326531,0.244784
0.775510,0.326531,0.224383
0.795918,0.326531,0.203983
0.816327,0.326531,0.183583
0.836735,0.326531,0.163184
0.857143,0.326531,0.142785
0.877551,0.326531,0.122386
0.897959,0.326531,0.101988
0.918367,0.326531,0.081590
0.938776,0.326531,0.061192
0.959184,0.326531,0.040795
0.979592,0.326531,0.020397
1.000000,0.326531,0.000000
0.000000,0.346939,1.000000
0.020408,0.346939,0.979595
0.040816,0.346939,0.959184
0.061224,0.346939,0.938773
0.081633,0.346939,0.918369
0.102041,0.346939,0.897958
0.122449,0.346939,0.877555
0.142857,0.346939,0.857143
0.163265,0.346939,0.836730
0.183673,0.346939,0.816323
0.204082,0.346939,0.795920
0.224490,0.346939,0.775517
0.244898,0.346939,0.755109
0.265306,0.346939,0.734694
0.285714,0.346939,0.714275
0.306122,0.346939,0.693852
0.326531,0.346939,0.673429
0.346939,0.346939,0.653005
0.367347,0.346939,0.632582
0.387755,0.346939,0.612161
0.408163,0.346939,0.591741
0.428571,0.346939,0.571322
0.448980,0.346939,0.550905
0.469388,0.346939,0.530489
0.489796,0.346939,0.510074
0.510204,0.346939,0.489661
0.530612,0.346939,0.469249
0.551020,0.346939,0.448838
0.571429,0.346939,0.428428
0.591837,0.346939,0.408020
0.612245,0.346939,0.387612
0.632653,0.346939,0.367206
0.653061,0.346939,0.346800
0.673469,0.346939,0.326395
0.693878,0.346939,0.305992
0.714286,0.346939,0.285589
0.734694,0.346939,0.265186
0.755102,0.346939,0.244785
0.775510,0.346939,0.224384
0.795918,0.346939,0.203983
0.816327,0.346939,0.183583
0.836735,0.346939,0.163184
0.857143,0.346939,0.142785
0.877551,0.346939,0.122387
0.897959,0.346939,0.101988
0.918367,0.346939,0.081590
0.938776,0.346939,0.061193
0.959184,0.346939,0.040795
0.979592,0.346939,0.020397
1.000000,0.346939,0.000000
0.000000,0.367347,1.000000
0.020408,0.367347,0.979595
0.040816,0.367347,0.959184
0.061224,0.367347,0.938773
0.081633,0.367347,0.918369
0.102041,0.367347,0.897958
0.122449,0.367347,0.877555
0.142857,0.367347,0.857143
0.163265,0.367347,0.836730
0.183673,0.367347,0.816323
0.204082,0.367347,0.795920
0.224490,0.367347,0.775517
0.244898,0.367347,0.755109
0.265306,0.367347,0.734694
0.285714,0.367347,0.714275
0.306122,0.367347,0.693853
0.326531,0.367347,0.673429
0.346939,0.367347,0.653006
0.367347,0.367347,0.632583
0.387755,0.367347,0.612161
0.408163,0.367347,0.591741
0.428571,0.367347,0.571322
0.448980,0.367347,0.550905
0.469388,0.367347,0.530489
0.489796,0.367347,0.510075
0.510204,0.367347,0.489661
0.530612,0.367347,0.469249
0.551020,0.367347,0.448839
0.571429,0.367347,0.428429
0.591837,0.367347,0.408020
0.612245,0.367347,0.387613
0.632653,0.367347,0.367206
0.653061,0.367347,0.346801
0.673469,0.367347,0.326396
0.693878,0.367347,0.305992
0.714286,0.367347,0.285589
0.734694,0.367347,0.265187
0.755102,0.367347,0.244785
0.775510,0.367347,0.224384
0.795918,0.367347,0.203984
0.816327,0.367347,0.183584
0.836735,0.367347,0.163185
0.857143,0.367347,0.142786
0.877551,0.367347,0.122387
0.897959,0.367347,0.101989
0.918367,0.367347,0.081591
0.938776,0.367347,0.061193
0.959184,0.367347,0.040795
0.979592,0.367347,0.020398
1.000000,0.367347,0.000000
0.000000,0.387755,1.000000
0.020408,0.387755,0.979595
0.040816,0.387755,0.959184
0.061224,0.387755,0.938773
0.081633,0.387755,0.918369
0.102041,0.387755,0.897958
0.122449,0.387755,0.877555
0.142857,0.387755,0.857143
0.163265,0.387755,0.836730
0.183673,0.387755,0.816323
0.204082,0.387755,0.795921
0.224490,0.387755,0.775517
0.244898,0.387755,0.755109
0.265306,0.387755,0.734695
0.285714,0.387755,0.714275
0.306122,0.387755,0.693853
0.326531,0.387755,0.673429
0.346939,0.387755,0.653006
0.367347,0.387755,0.632583
0.387755,0.387755,0.612162
0.408163,0.387755,0.591742
0.428571,0.387755,0.571323
0.448980,0.387755,0.550906
0.469388,0.387755,0.530490
0.489796,0.387755,0.510075
0.510204,0.387755,0.489662
0.530612,0.387755,0.469250
0.551020,0.387755,0.448839
0.571429,0.387755,0.428430
0.591837,0.387755,0.408021
0.612245,0.387755,0.387614
0.632653,0.387755,0.367207
0.653061,0.387755,0.346802
0.673469,0.387755,0.326397
0.693878,0.387755,0.305993
0.714286,0.387755,0.285590
0.734694,0.387755,0.265188
0.755102,0.387755,0.244786
0.775510,0.387755,0.224385
0.795918,0.387755,0.203984
0.816327,0.387755,0.183584
0.836735,0.387755,0.163185
0.857143,0.387755,0.142786
0.877551,0.387755,0.122387
0.897959,0.387755,0.101989
0.918367,0.387755,0.081591
0.938776,0.387755,0.061193
0.959184,0.387755,0.040795
0.979592,0.387755,0.020398
1.000000,0.387755,0.000000
0.000000,0.408163,1.000000
0.020408,0.408163,0.979595
0.040816,0.408163,0.959184
0.061224,0.408163,0.938773
0.081633,0.408163,0.918369
0.102041,0.408163,0.897958
0.122449,0.408163,0.877555
0.142857,0.408163,0.857144
0.163265,0.408163,0.836730
0.183673,0.408163,0.816323
0.204082,0.408163,0.795921
0.224490,0.408163,0.775518
0.244898,0.408163,0.755109
0.265306,0.408163,0.734695
0.285714,0.408163,0.714276
0.306122,0.408163,0.693853
0.326531,0.408163,0.673430
0.346939,0.408163,0.653006
0.367347,0.408163,0.632584
0.387755,0.408163,0.612162
0.408163,0.408163,0.591742
0.428571,0.408163,0.571324
0.448980,0.408163,0.550906
0.469388,0.408163,0.530490
0.489796,0.408163,0.510076
0.510204,0.408163,0.489663
0.530612,0.408163,0.469251
0.551020,0.408163,0.448840
0.571429,0.408163,0.428430
0.591837,0.408163,0.408022
0.612245,0.408163,0.387614
0.632653,0.408163,0.367208
0.653061,0.408163,0.346802
0.673469,0.408163,0.326397
0.693878,0.408163,0.305994
0.714286,0.408163,0.285590
0.734694,0.408163,0.265188
0.755102,0.408163,0.244786
0.775510,0.408163,0.224385
0.795918,0.408163,0.203985
0.816327,0.408163,0.183585
0.836735,0.408163,0.163185
0.857143,0.408163,0.142786
0.877551,0.408163,0.122388
0.897959,0.408163,0.101989
0.918367,0.408163,0.081591
0.938776,0.408163,0.061193
0.959184,0.408163,0.040795
0.979592,0.408163,0.020398
1.000000,0.408163,0.000000
0.000000,0.428571,1.000000
0.020408,0.428571,0.979595
0.040816,0.428571,0.959184
0.061224,0.428571,0.938773
0.081633,0.428571,0.918369
0.102041,0.428571,0.897958
0.122449,0.428571,0.877555
0.142857,0.428571,0.857144
0.163265,0.428571,0.836730
0.183673,0.428571,0.816323
0.204082,0.428571,0.795921
0.224490,0.428571,0.775518
0.244898,0.428571,0.755109
0.265306,0.428571,0.734695
0.285714,0.428571,0.714276
0.306122,0.428571,0.693854
0.326531,0.428571,0.673430
0.346939,0.428571,0.653007
0.367347,0.428571,0.632584
0.387755,0.428571,0.612163
0.408163,0.428571,0.591743
0.428571,0.428571,0.571324
0.448980,0.428571,0.550907
0.469388,0.428571,0.530491
0.489796,0.428571,0.510077
0.510204,0.428571,0.489663
0.530612,0.428571,0.469251
0.551020,0.428571,0.448841
0.571429,0.428571,0.428431
0.591837,0.428571,0.408023
0.612245,0.428571,0.387615
0.632653,0.428571,0.367208
0.653061,0.428571,0.346803
0.673469,0.428571,0.326398
0.693878,0.428571,0.305994
0.714286,0.428571,0.285591
0.734694,0.428571,0.265189
0.755102,0.428571,0.244787
0.775510,0.428571,0.224386
0.795918,0.428571,0.203985
0.816327,0.428571,0.183585
0.836735,0.428571,0.163186
0.857143,0.428571,0.142787
0.877551,0.428571,0.122388
0.897959,0.428571,0.101989
0.918367,0.428571,0.081591
0.938776,0.428571,0.061193
0.959184,0.428571,0.040795
0.979592,0.428571,0.020398
1.000000,0.428571,0.000000
0.000000,0.448980,1.000000
0.020408,0.448980,0.979595
0.040816,0.448980,0.959184
0.061224,0.448980,0.938773
0.081633,0.448980,0.918369
0.102041,0.448980,0.897959
0.122449,0.448980,0.877555
0.142857,0.448980,0.857144
0.163265,0.448980,0.836730
0.183673,0.448980,0.816323
0.204082,0.448980,0.795921
0.224490,0.448980,0.775518
0.244898,0.448980,0.755110
0.265306,0.448980,0.734695
0.285714,0.448980,0.714276
0.306122,0.448980,0.693854
0.326531,0.448980,0.673430
0.346939,0.448980,0.653007
0.367347,0.448980,0.632585
0.387755,0.448980,0.612163
0.408163,0.448980,0.591743
0.428571,0.448980,0.571325
0.448980,0.448980,0.550907
0.469388,0.448980,0.530492
0.489796,0.448980,0.510077
0.510204,0.448980,0.489664
0.530612,0.448980,0.469252
0.551020,0.448980,0.448841
0.571429,0.448980,0.428432
0.591837,0.448980,0.408023
0.612245,0.448980,0.387616
0.632653,0.448980,0.367209
0.653061,0.448980,0.346803
0.673469,0.448980,0.326399
0.693878,0.448980,0.305995
0.714286,0.448980,0.285592
0.734694,0.448980,0.265189
0.755102,0.448980,0.244787
0.775510,0.448980,0.224386
0.795918,0.448980,0.203986
0.816327,0.448980,0.183586
0.836735,0.448980,0.163186
0.857143,0.448980,0.142787
0.877551,0.448980,0.122388
0.897959,0.448980,0.101990
0.918367,0.448980,0.081591
0.938776,0.448980,0.061193
0.959184,0.448980,0.040796
0.979592,0.448980,0.020398
1.000000,0.448980,0.000000
0.000000,0.469388,1.000000
0.020408,0.469388,0.979595
0.040816,0.469388,0.959184
0.061224,0.469388,0.938773
0.081633,0.469388,0.918369
0.102041,0.469388,0.897959
0.122449,0.469388,0.877555
0.142857,0.469388,0.857144
0.163265,0.469388,0.836731
0.183673,0.469388,0.816323
0.204082,0.469388,0.795921
0.224490,0.469388,0.775518
0.244898,0.469388,0.755110
0.265306,0.469388,0.734695
0.285714,0.469388,0.714276
0.306122,0.469388,0.693854
0.326531,0.469388,0.673431
0.346939,0.469388,0.653007
0.367347,0.469388,0.632585
0.387755,0.469388,0.612164
0.408163,0.469388,0.591744
0.428571,0.469388,0.571325
0.448980,0.469388,0.550908
0.469388,0.469388,0.530492
0.489796,0.469388,0.510078
0.510204,0.469388,0.489665
0.530612,0.469388,0.469253
0.551020,0.469388,0.448842
0.571429,0.469388,0.428432
0.591837,0.469388,0.408024
0.612245,0.469388,0.387616
0.632653,0.469388,0.367210
0.653061,0.469388,0.346804
0.673469,0.469388,0.326399
0.693878,0.469388,0.305995
0.714286,0.469388,0.285592
0.734694,0.469388,0.265190
0.755102,0.469388,0.244788
0.775510,0.469388,0.224387
0.795918,0.469388,0.203986
0.816327,0.469388,0.183586
0.836735,0.469388,0.163187
0.857143,0.469388,0.142787
0.877551,0.469388,0.122388
0.897959,0.469388,0.101990
0.918367,0.469388,0.081592
0.938776,0.469388,0.061194
0.959184,0.469388,0.040796
0.979592,0.469388,0.020398
1.000000,0.469388,0.000000
0.000000,0.489796,1.000000
0.020408,0.489796,0.979595
0.040816,0.489796,0.959184
0.061224,0.489796,0.938773
0.081633,0.489796,0.918369
0.102041,0.489796,0.897959
0.122449,0.489796,0.877555
0.142857,0.489796,0.857144
0.163265,0.489796,0.836731
0.183673,0.489796,0.816323
0.204082,0.489796,0.795921
0.224490,0.489796,0.775518
0.244898,0.489796,0.755110
0.265306,0.489796,0.734696
0.285714,0.489796,0.714277
0.306122,0.489796,0.693854
0.326531,0.489796,0.673431
0.346939,0.489796,0.653008
0.367347,0.489796,0.632585
0.387755,0.489796,0.612164
0.408163,0.489796,0.591744
0.428571,0.489796,0.571326
0.448980,0.489796,0.550908
0.469388,0.489796,0.530493
0.489796,0.489796,0.510078
0.510204,0.489796,0.489665
0.530612,0.489796,0.469253
0.551020,0.489796,0.448842
0.571429,0.489796,0.428433
0.591837,0.489796,0.408024
0.612245,0.489796,0.387617
0.632653,0.489796,0.367210
0.653061,0.489796,0.346805
0.673469,0.489796,0.326400
0.693878,0.489796,0.305996
0.714286,0.489796,0.285593
0.734694,0.489796,0.265190
0.755102,0.489796,0.244789
0.775510,0.489796,0.224387
0.795918,0.489796,0.203987
0.816327,0.489796,0.183587
0.836735,0.489796,0.163187
0.857143,0.489796,0.142788
0.877551,0.489796,0.122389
0.897959,0.489796,0.101990
0.918367,0.489796,0.081592
0.938776,0.489796,0.061194
0.959184,0.489796,0.040796
0.979592,0.489796,0.020398
1.000000,0.489796,0.000000
0.000000,0.510204,1.000000
0.020408,0.510204,0.979595
0.040816,0.510204,0.959184
0.061224,0.510204,0.938773
0.081633,0.510204,0.918369
0.102041,0.510204,0.897959
0.122449,0.510204,0.877555
0.142857,0.510204,0.857144
0.163265,0.510204,0.836731
0.183673,0.510204,0.816324
0.204082,0.510204,0.795921
0.224490,0.510204,0.775518
0.244898,0.510204,0.755110
0.265306,0.510204,0.734696
0.285714,0.510204,0.714277
0.306122,0.510204,0.693855
0.326531,0.510204,0.673431
0.346939,0.510204,0.653008
0.367347,0.510204,0.632586
0.387755,0.510204,0.612164
0.408163,0.510204,0.591744
0.428571,0.510204,0.571326
0.448980,0.510204,0.550909
0.469388,0.510204,0.530493
0.489796,0.510204,0.510079
0.510204,0.510204,0.489666
0.530612,0.510204,0.469254
0.551020,0.510204,0.448843
0.571429,0.510204,0.428433
0.591837,0.510204,0.408025
0.612245,0.510204,0.387617
0.632653,0.510204,0.367211
0.653061,0.510204,0.346805
0.673469,0.510204,0.326400
0.693878,0.510204,0.305997
0.714286,0.510204,0.285593
0.734694,0.510204,0.265191
0.755102,0.510204,0.244789
0.775510,0.510204,0.224388
0.795918,0.510204,0.203987
0.816327,0.510204,0.183587
0.836735,0.510204,0.163187
0.857143,0.510204,0.142788
0.877551,0.510204,0.122389
0.897959,0.510204,0.101990
0.918367,0.510204,0.081592
0.938776,0.510204,0.061194
0.959184,0.510204,0.040796
0.979592,0.510204,0.020398
1.000000,0.510204,0.000000
0.000000,0.530612,1.000000
0.020408,0.530612,0.979595
0.040816,0.530612,0.959184
0.061224,0.530612,0.938773
0.081633,0.530612,0.918369
0.102041,0.530612,0.897959
0.122449,0.530612,0.877555
0.142857,0.530612,0.857144
0.163265,0.530612,0.836731
0.183673,0.530612,0.816324
0.204082,0.530612,0.795921
0.224490,0.530612,0.775518
0.244898,0.530612,0.755110
0.265306,0.530612,0.734696
0.285714,0.530612,0.714277
0.306122,0.530612,0.693855
0.326531,0.530612,0.673432
0.346939,0.530612,0.653008
0.367347,0.530612,0.632586
0.387755,0.530612,0.612165
0.408163,0.530612,0.591745
0.428571,0.530612,0.571326
0.448980,0.530612,0.550909
0.469388,0.530612,0.530494
0.489796,0.530612,0.510079
0.510204,0.530612,0.489666
0.530612,0.530612,0.469254
0.551020,0.530612,0.448844
0.571429,0.530612,0.428434
0.591837,0.530612,0.408026
0.612245,0.530612,0.387618
0.632653,0.530612,0.367211
0.653061,0.530612,0.346806
0.673469,0.530612,0.326401
0.693878,0.530612,0.305997
0.714286,0.530612,0.285594
0.734694,0.530612,0.265191
0.755102,0.530612,0.244790
0.775510,0.530612,0.224388
0.795918,0.530612,0.203988
0.816327,0.530612,0.183587
0.836735,0.530612,0.163188
0.857143,0.530612,0.142788
0.877551,0.530612,0.122389
0.897959,0.530612,0.101991
0.918367,0.530612,0.081592
0.938776,0.530612,0.061194
0.959184,0.530612,0.040796
0.979592,0.530612,0.020398
1.000000,0.530612,0.000000
0.000000,0.551020,1.000000
0.020408,0.551020,0.979595
0.040816,0.551020,0.959184
0.061224,0.551020,0.938773
0.081633,0.551020,0.918369
0.102041,0.551020,0.897959
0.122449,0.551020,0.877555
0.142857,0.551020,0.857144
0.163265,0.551020,0.836731
0.183673,0.551020,0.816324
0.204082,0.551020,0.795922
0.224490,0.551020,0.775519
0.244898,0.551020,0.755110
0.265306,0.551020,0.734696
0.285714,0.551020,0.714277
0.306122,0.551020,0.693855
0.326531,0.551020,0.673432
0.346939,0.551020,0.653009
0.367347,0.551020,0.632586
0.387755,0.551020,0.612165
0.408163,0.551020,0.591745
0.428571,0.551020,0.571327
0.448980,0.551020,0.550910
0.469388,0.551020,0.530494
0.489796,0.551020,0.510080
0.510204,0.551020,0.489667
0.530612,0.551020,0.469255
0.551020,0.551020,0.448844
0.571429,0.551020,0.428435
0.591837,0.551020,0.408026
0.612245,0.551020,0.387619
0.632653,0.551020,0.367212
0.653061,0.551020,0.346806
0.673469,0.551020,0.326402
0.693878,0.551020,0.305998
0.714286,0.551020,0.285594
0.734694,0.551020,0.265192
0.755102,0.551020,0.244790
0.775510,0.551020,0.224389
0.795918,0.551020,0.203988
0.816327,0.551020,0.183588
0.836735,0.551020,0.163188
0.857143,0.551020,0.142789
0.877551,0.551020,0.122390
0.897959,0.551020,0.101991
0.918367,0.551020,0.081592
0.938776,0.551020,0.061194
0.959184,0.551020,0.040796
0.979592,0.551020,0.020398
1.000000,0.551020,0.000000
0.000000,0.571429,1.000000
0.020408,0.571429,0.979595
0.040816,0.571429,0.959184
0.061224,0.571429,0.938773
0.081633,0.571429,0.918369
0.102041,0.571429,0.897959
0.122449,0.571429,0.877555
0.142857,0.571429,0.857144
0.163265,0.571429,0.836731
0.183673,0.571429,0.816324
0.204082,0.571429,0.795922
0.224490,0.571429,0.775519
0.244898,0.571429,0.755111
0.265306,0.571429,0.734696
0.285714,0.571429,0.714277
0.306122,0.571429,0.693855
0.326531,0.571429,0.673432
0.346939,0.571429,0.653009
0.367347,0.571429,0.632587
0.387755,0.571429,0.612165
0.408163,0.571429,0.591746
0.428571,0.571429,0.571327
0.448980,0.571429,0.550910
0.469388,0.571429,0.530495
0.489796,0.571429,0.510080
0.510204,0.571429,0.489667
0.530612,0.571429,0.469255
0.551020,0.571429,0.448845
0.571429,0.571429,0.428435
0.591837,0.571429,0.408027
0.612245,0.571429,0.387619
0.632653,0.571429,0.367213
0.653061,0.571429,0.346807
0.673469,0.571429,0.326402
0.693878,0.571429,0.305998
0.714286,0.571429,0.285595
0.734694,0.571429,0.265192
0.755102,0.571429,0.244791
0.775510,0.571429,0.224389
0.795918,0.571429,0.203988
0.816327,0.571429,0.183588
0.836735,0.571429,0.163188
0.857143,0.571429,0.142789
0.877551,0.571429,0.122390
0.897959,0.571429,0.101991
0.918367,0.571429,0.081593
0.938776,0.571429,0.061194
0.959184,0.571429,0.040796
0.979592,0.571429,0.020398
1.000000,0.571429,0.000000
0.000000,0.591837,1.000000
0.020408,0.591837,0.979595
0.040816,0.591837,0.959184
0.061224,0.591837,0.938773
0.081633,0.591837,0.918369
0.102041,0.591837,0.897959
0.122449,0.591837,0.877555
0.142857,0.591837,0.857144
0.163265,0.591837,0.836731
0.183673,0.591837,0.816324
0.204082,0.591837,0.795922
0.224490,0.591837,0.775519
0.244898,0.591837,0.755111
0.265306,0.591837,0.734696
0.285714,0.591837,0.714277
0.306122,0.591837,0.693856
0.326531,0.591837,0.673432
0.346939,0.591837,0.653009
0.367347,0.591837,0.632587
0.387755,0.591837,0.612166
0.408163,0.591837,0.591746
0.428571,0.591837,0.571328
0.448980,0.591837,0.550911
0.469388,0.591837,0.530495
0.489796,0.591837,0.510081
0.510204,0.591837,0.489668
0.530612,0.591837,0.469256
0.551020,0.591837,0.448845
0.571429,0.591837,0.428436
0.591837,0.591837,0.408027
0.612245,0.591837,0.387620
0.632653,0.591837,0.367213
0.653061,0.591837,0.346808
0.673469,0.591837,0.326403
0.693878,0.591837,0.305999
0.714286,0.591837,0.285596
0.734694,0.591837,0.265193
0.755102,0.591837,0.244791
0.775510,0.591837,0.224390
0.795918,0.591837,0.203989
0.816327,0.591837,0.183589
0.836735,0.591837,0.163189
0.857143,0.591837,0.142789
0.877551,0.591837,0.122390
0.897959,0.591837,0.101991
0.918367,0.591837,0.081593
0.938776,0.591837,0.061194
0.959184,0.591837,0.040796
0.979592,0.591837,0.020398
1.000000,0.591837,0.000000
0.000000,0.612245,1.000000
0.020408,0.612245,0.979595
0.040816,0.612245,0.959184
0.061224,0.612245,0.938773
0.081633,0.612245,0.918369
0.102041,0.612245,0.897959
0.122449,0.612245,0.877555
0.142857,0.612245,0.857144
0.163265,0.612245,0.836731
0.183673,0.612245,0.816324
0.204082,0.612245,0.795922
0.224490,0.612245,0.775519
0.244898,0.612245,0.755111
0.265306,0.612245,0.734697
0.285714,0.612245,0.714278
0.306122,0.612245,0.693856
0.326531,0.612245,0.673433
0.346939,0.612245,0.653010
0.367347,0.612245,0.632587
0.387755,0.612245,0.612166
0.408163,0.612245,0.591746
0.428571,0.612245,0.571328
0.448980,0.612245,0.550911
0.469388,0.612245,0.530496
0.489796,0.612245,0.510081
0.510204,0.612245,0.489668
0.530612,0.612245,0.469257
0.551020,0.612245,0.448846
0.571429,0.612245,0.428436
0.591837,0.612245,0.408028
0.612245,0.612245,0.387620
0.632653,0.612245,0.367214
0.653061,0.612245,0.346808
0.673469,0.612245,0.326403
0.693878,0.612245,0.305999
0.714286,0.612245,0.285596
0.734694,0.612245,0.265194
0.755102,0.612245,0.244792
0.775510,0.612245,0.224390
0.795918,0.612245,0.203989
0.816327,0.612245,0.183589
0.836735,0.612245,0.163189
0.857143,0.612245,0.142790
0.877551,0.612245,0.122391
0.897959,0.612245,0.101992
0.918367,0.612245,0.081593
0.938776,0.612245,0.061195
0.959184,0.612245,0.040796
0.979592,0.612245,0.020398
1.000000,0.612245,0.000000
0.000000,0.632653,1.000000
0.020408,0.632653,0.979595
0.040816,0.632653,0.959184
0.061224,0.632653,0.938773
0.081633,0.632653,0.918369
0.102041,0.632653,0.897959
0.122449,0.632653,0.877555
0.142857,0.632653,0.857144
0.163265,0.632653,0.836731
0.183673,0.632653,0.816324
0.204082,0.632653,0.795922
0.224490,0.632653,0.775519
0.244898,0.632653,0.755111
0.265306,0.632653,0.734697
0.285714,0.632653,0.714278
0.306122,0.632653,0.693856
0.326531,0.632653,0.673433
0.346939,0.632653,0.653010
0.367347,0.632653,0.632588
0.387755,0.632653,0.612166
0.408163,0.632653,0.591747
0.428571,0.632653,0.571328
0.448980,0.632653,0.550912
0.469388,0.632653,0.530496
0.489796,0.632653,0.510082
0.510204,0.632653,0.489669
0.530612,0.632653,0.469257
0.551020,0.632653,0.448846
0.571429,0.632653,0.428437
0.591837,0.632653,0.408028
0.612245,0.632653,0.387621
0.632653,0.632653,0.367214
0.653061,0.632653,0.346809
0.673469,0.632653,0.326404
0.693878,0.632653,0.306000
0.714286,0.632653,0.285597
0.734694,0.632653,0.265194
0.755102,0.632653,0.244792
0.775510,0.632653,0.224391
0.795918,0.632653,0.203990
0.816327,0.632653,0.183590
0.836735,0.632653,0.163190
0.857143,0.632653,0.142790
0.877551,0.632653,0.122391
0.897959,0.632653,0.101992
0.918367,0.632653,0.081593
0.938776,0.632653,0.061195
0.959184,0.632653,0.040796
0.979592,0.632653,0.020398
1.000000,0.632653,0.000000
0.000000,0.653061,1.000000
0.020408,0.653061,0.979595
0.040816,0.653061,0.959184
0.061224,0.653061,0.938773
0.081633,0.653061,0.918369
0.102041,0.653061,0.897958
0.122449,0.653061,0.877555
0.142857,0.653061,0.857144
0.163265,0.653061,0.836731
0.183673,0.653061,0.816324
0.204082,0.653061,0.795922
0.224490,0.653061,0.775519
0.244898,0.653061,0.755111
0.265306,0.653061,0.734697
0.285714,0.653061,0.714278
0.306122,0.653061,0.693856
0.326531,0.653061,0.673433
0.346939,0.653061,0.653010
0.367347,0.653061,0.632588
0.387755,0.653061,0.612167
0.408163,0.653061,0.591747
0.428571,0.653061,0.571329
0.448980,0.653061,0.550912
0.469388,0.653061,0.530497
0.489796,0.653061,0.510082
0.510204,0.653061,0.489669
0.530612,0.653061,0.469258
0.551020,0.653061,0.448847
0.571429,0.653061,0.428438
0.591837,0.653061,0.408029
0.612245,0.653061,0.387622
0.632653,0.653061,0.367215
0.653061,0.653061,0.346809
0.673469,0.653061,0.326405
0.693878,0.653061,0.306001
0.714286,0.653061,0.285597
0.734694,0.653061,0.265195
0.755102,0.653061,0.244793
0.775510,0.653061,0.224391
0.795918,0.653061,0.203990
0.816327,0.653061,0.183590
0.836735,0.653061,0.163190
0.857143,0.653061,0.142790
0.877551,0.653061,0.122391
0.897959,0.653061,0.101992
0.918367,0.653061,0.081594
0.938776,0.653061,0.061195
0.959184,0.653061,0.040797
0.979592,0.653061,0.020398
1.000000,0.653061,0.000000
0.000000,0.673469,1.000000
0.020408,0.673469,0.979595
0.040816,0.673469,0.959184
0.061224,0.673469,0.938773
0.081633,0.673469,0.918369
0.102041,0.673469,0.897958
0.122449,0.673469,0.877555
0.142857,0.673469,0.857144
0.163265,0.673469,0.836730
0.183673,0.673469,0.816323
0.204082,0.673469,0.795921
0.224490,0.673469,0.775519
0.244898,0.673469,0.755111
0.265306,0.673469,0.734697
0.285714,0.673469,0.714278
0.306122,0.673469,0.693856
0.326531,0.673469,0.673433
0.346939,0.673469,0.653010
0.367347,0.673469,0.632588
0.387755,0.673469,0.612167
0.408163,0.673469,0.591747
0.428571,0.673469,0.571329
0.448980,0.673469,0.550912
0.469388,0.673469,0.530497
0.489796,0.673469,0.510083
0.510204,0.673469,0.489670
0.530612,0.673469,0.469258
0.551020,0.673469,0.448848
0.571429,0.673469,0.428438
0.591837,0.673469,0.408030
0.612245,0.673469,0.387622
0.632653,0.673469,0.367216
0.653061,0.673469,0.346810
0.673469,0.673469,0.326405
0.693878,0.673469,0.306001
0.714286,0.673469,0.285598
0.734694,0.673469,0.265195
0.755102,0.673469,0.244793
0.775510,0.673469,0.224392
0.795918,0.673469,0.203991
0.816327,0.673469,0.183590
0.836735,0.673469,0.163190
0.857143,0.673469,0.142791
0.877551,0.673469,0.122392
0.897959,0.673469,0.101993
0.918367,0.673469,0.081594
0.938776,0.673469,0.061195
0.959184,0.673469,0.040797
0.979592,0.673469,0.020398
1.000000,0.673469,0.000000
0.000000,0.693878,1.000000
0.020408,0.693878,0.979595
0.040816,0.693878,0.959184
0.061224,0.693878,0.938773
0.081633,0.693878,0.918369
0.102041,0.693878,0.897958
0.122449,0.693878,0.877555
0.142857,0.693878,0.857143
0.163265,0.693878,0.836730
0.183673,0.693878,0.816323
0.204082,0.693878,0.795921
0.224490,0.693878,0.775518
0.244898,0.693878,0.755111
0.265306,0.693878,0.734697
0.285714,0.693878,0.714278
0.306122,0.693878,0.693856
0.326531,0.693878,0.673433
0.346939,0.693878,0.653010
0.367347,0.693878,0.632588
0.387755,0.693878,0.612167
0.408163,0.693878,0.591748
0.428571,0.693878,0.571330
0.448980,0.693878,0.550913
0.469388,0.693878,0.530498
0.489796,0.693878,0.510083
0.510204,0.693878,0.489671
0.530612,0.693878,0.469259
0.551020,0.693878,0.448848
0.571429,0.693878,0.428439
0.591837,0.693878,0.408030
0.612245,0.693878,0.387623
0.632653,0.693878,0.367216
0.653061,0.693878,0.346811
0.673469,0.693878,0.326406
0.693878,0.693878,0.306002
0.714286,0.693878,0.285599
0.734694,0.693878,0.265196
0.755102,0.693878,0.244794
0.775510,0.693878,0.224392
0.795918,0.693878,0.203991
0.816327,0.693878,0.183591
0.836735,0.693878,0.163191
0.857143,0.693878,0.142791
0.877551,0.693878,0.122392
0.897959,0.693878,0.101993
0.918367,0.693878,0.081594
0.938776,0.693878,0.061195
0.959184,0.693878,0.040797
0.979592,0.693878,0.020398
1.000000,0.693878,0.000000
0.000000,0.714286,1.000000
0.020408,0.714286,0.979595
0.040816,0.714286,0.959184
0.061224,0.714286,0.938773
0.081633,0.714286,0.918369
0.102041,0.714286,0.897958
0.122449,0.714286,0.877554
0.142857,0.714286,0.857143
0.163265,0.714286,0.836730
0.183673,0.714286,0.816323
0.204082,0.714286,0.795921
0.224490,0.714286,0.775518
0.244898,0.714286,0.755110
0.265306,0.714286,0.734697
0.285714,0.714286,0.714278
0.306122,0.714286,0.693856
0.326531,0.714286,0.673433
0.346939,0.714286,0.653011
0.367347,0.714286,0.632589
0.387755,0.714286,0.612168
0.408163,0.714286,0.591748
0.428571,0.714286,0.571330
0.448980,0.714286,0.550913
0.469388,0.714286,0.530498
0.489796,0.714286,0.510084
0.510204,0.714286,0.489671
0.530612,0.714286,0.469259
0.551020,0.714286,0.448849
0.571429,0.714286,0.428439
0.591837,0.714286,0.408031
0.612245,0.714286,0.387624
0.632653,0.714286,0.367217
0.653061,0.714286,0.346811
0.673469,0.714286,0.326407
0.693878,0.714286,0.306003
0.714286,0.714286,0.285599
0.734694,0.714286,0.265197
0.755102,0.714286,0.244794
0.775510,0.714286,0.224393
0.795918,0.714286,0.203992
0.816327,0.714286,0.183592
0.836735,0.714286,0.163191
0.857143,0.714286,0.142792
0.877551,0.714286,0.122392
0.897959,0.714286,0.101993
0.918367,0.714286,0.081594
0.938776,0.714286,0.061196
0.959184,0.714286,0.040797
0.979592,0.714286,0.020398
1.000000,0.714286,0.000000
0.000000,0.734694,1.000000
0.020408,0.734694,0.979595
0.040816,0.734694,0.959183
0.061224,0.734694,0.938773
0.081633,0.734694,0.918368
0.102041,0.734694,0.897958
0.122449,0.734694,0.877554
0.142857,0.734694,0.857143
0.163265,0.734694,0.836729
0.183673,0.734694,0.816323
0.204082,0.734694,0.795921
0.224490,0.734694,0.775518
0.244898,0.734694,0.755110
0.265306,0.734694,0.734696
0.285714,0.734694,0.714278
0.306122,0.734694,0.693856
0.326531,0.734694,0.673433
0.346939,0.734694,0.653011
0.367347,0.734694,0.632589
0.387755,0.734694,0.612168
0.408163,0.734694,0.591749
0.428571,0.734694,0.571330
0.448980,0.734694,0.550914
0.469388,0.734694,0.530499
0.489796,0.734694,0.510084
0.510204,0.734694,0.489672
0.530612,0.734694,0.469260
0.551020,0.734694,0.448850
0.571429,0.734694,0.428440
0.591837,0.734694,0.408032
0.612245,0.734694,0.387624
0.632653,0.734694,0.367218
0.653061,0.734694,0.346812
0.673469,0.734694,0.326407
0.693878,0.734694,0.306003
0.714286,0.734694,0.285600
0.734694,0.734694,0.265197
0.755102,0.734694,0.244795
0.775510,0.734694,0.224394
0.795918,0.734694,0.203993
0.816327,0.734694,0.183592
0.836735,0.734694,0.163192
0.857143,0.734694,0.142792
0.877551,0.734694,0.122393
0.897959,0.734694,0.101994
0.918367,0.734694,0.081595
0.938776,0.734694,0.061196
0.959184,0.734694,0.040797
0.979592,0.734694,0.020399
1.000000,0.734694,0.000000
0.000000,0.755102,1.000000
0.020408,0.755102,0.979595
0.040816,0.755102,0.959183
0.061224,0.755102,0.938772
0.081633,0.755102,0.918368
0.102041,0.755102,0.897958
0.122449,0.755102,0.877554
0.142857,0.755102,0.857142
0.163265,0.755102,0.836729
0.183673,0.755102,0.816322
0.204082,0.755102,0.795920
0.224490,0.755102,0.775517
0.244898,0.755102,0.755110
0.265306,0.755102,0.734696
0.285714,0.755102,0.714277
0.306122,0.755102,0.693856
0.326531,0.755102,0.673433
0.346939,0.755102,0.653011
0.367347,0.755102,0.632589
0.387755,0.755102,0.612168
0.408163,0.755102,0.591749
0.428571,0.755102,0.571331
0.448980,0.755102,0.550914
0.469388,0.755102,0.530499
0.489796,0.755102,0.510085
0.510204,0.755102,0.489672
0.530612,0.755102,0.469261
0.551020,0.755102,0.448850
0.571429,0.755102,0.428441
0.591837,0.755102,0.408032
0.612245,0.755102,0.387625
0.632653,0.755102,0.367219
0.653061,0.755102,0.346813
0.673469,0.755102,0.326408
0.693878,0.755102,0.306004
0.714286,0.755102,0.285601
0.734694,0.755102,0.265198
0.755102,0.755102,0.244796
0.775510,0.755102,0.224394
0.795918,0.755102,0.203993
0.816327,0.755102,0.183593
0.836735,0.755102,0.163192
0.857143,0.755102,0.142793
0.877551,0.755102,0.122393
0.897959,0.755102,0.101994
0.918367,0.755102,0.081595
0.938776,0.755102,0.061196
0.959184,0.755102,0.040797
0.979592,0.755102,0.020399
1.000000,0.755102,0.000000
0.000000,0.775510,1.000000
0.020408,0.775510,0.979595
0.040816,0.775510,0.959183
0.061224,0.775510,0.938772
0.081633,0.775510,0.918368
0.102041,0.775510,0.897957
0.122449,0.775510,0.877554
0.142857,0.775510,0.857142
0.163265,0.775510,0.836729
0.183673,0.775510,0.816321
0.204082,0.775510,0.795919
0.224490,0.775510,0.775517
0.244898,0.775510,0.755109
0.265306,0.775510,0.734696
0.285714,0.775510,0.714277
0.306122,0.775510,0.693856
0.326531,0.775510,0.673433
0.346939,0.775510,0.653011
0.367347,0.775510,0.632589
0.387755,0.775510,0.612168
0.408163,0.775510,0.591749
0.428571,0.775510,0.571331
0.448980,0.775510,0.550915
0.469388,0.775510,0.530499
0.489796,0.775510,0.510086
0.510204,0.775510,0.489673
0.530612,0.775510,0.469261
0.551020,0.775510,0.448851
0.571429,0.775510,0.428441
0.591837,0.775510,0.408033
0.612245,0.775510,0.387626
0.632653,0.775510,0.367219
0.653061,0.775510,0.346814
0.673469,0.775510,0.326409
0.693878,0.775510,0.306005
0.714286,0.775510,0.285601
0.734694,0.775510,0.265198
0.755102,0.775510,0.244796
0.775510,0.775510,0.224395
0.795918,0.775510,0.203994
0.816327,0.775510,0.183593
0.836735,0.775510,0.163193
0.857143,0.775510,0.142793
0.877551,0.775510,0.122393
0.897959,0.775510,0.101994
0.918367,0.775510,0.081595
0.938776,0.775510,0.061196
0.959184,0.775510,0.040797
0.979592,0.775510,0.020399
1.000000,0.775510,0.000000
0.000000,0.795918,1.000000
0.020408,0.795918,0.979595
0.040816,0.795918,0.959183
0.061224,0.795918,0.938772
0.081633,0.795918,0.918368
0.102041,0.795918,0.897957
0.122449,0.795918,0.877554
0.142857,0.795918,0.857142
0.163265,0.795918,0.836728
0.183673,0.795918,0.816321
0.204082,0.795918,0.795918
0.224490,0.795918,0.775516
0.244898,0.795918,0.755108
0.265306,0.795918,0.734695
0.285714,0.795918,0.714277
0.306122,0.795918,0.693855
0.326531,0.795918,0.673433
0.346939,0.795918,0.653011
0.367347,0.795918,0.632589
0.387755,0.795918,0.612168
0.408163,0.795918,0.591749
0.428571,0.795918,0.571331
0.448980,0.795918,0.550915
0.469388,0.795918,0.530500
0.489796,0.795918,0.510086
0.510204,0.795918,0.489673
0.530612,0.795918,0.469262
0.551020,0.795918,0.448851
0.571429,0.795918,0.428442
0.591837,0.795918,0.408034
0.612245,0.795918,0.387626
0.632653,0.795918,0.367220
0.653061,0.795918,0.346814
0.673469,0.795918,0.326409
0.693878,0.795918,0.306005
0.714286,0.795918,0.285602
0.734694,0.795918,0.265199
0.755102,0.795918,0.244797
0.775510,0.795918,0.224395
0.795918,0.795918,0.203994
0.816327,0.795918,0.183594
0.836735,0.795918,0.163193
0.857143,0.795918,0.142793
0.877551,0.795918,0.122394
0.897959,0.795918,0.101994
0.918367,0.795918,0.081595
0.938776,0.795918,0.061196
0.959184,0.795918,0.040797
0.979592,0.795918,0.020399
1.000000,0.795918,0.000000
0.000000,0.816327,1.000000
0.020408,0.816327,0.979595
0.040816,0.816327,0.959183
0.061224,0.816327,0.938772
0.081633,0.816327,0.918368
0.102041,0.816327,0.897957
0.122449,0.816327,0.877554
0.142857,0.816327,0.857142
0.163265,0.816327,0.836728
0.183673,0.816327,0.816320
0.204082,0.816327,0.795917
0.224490,0.816327,0.775514
0.244898,0.816327,0.755107
0.265306,0.816327,0.734694
0.285714,0.816327,0.714276
0.306122,0.816327,0.693855
0.326531,0.816327,0.673433
0.346939,0.816327,0.653010
0.367347,0.816327,0.632589
0.387755,0.816327,0.612168
0.408163,0.816327,0.591749
0.428571,0.816327,0.571332
0.448980,0.816327,0.550915
0.469388,0.816327,0.530500
0.489796,0.816327,0.510086
0.510204,0.816327,0.489674
0.530612,0.816327,0.469262
0.551020,0.816327,0.448852
0.571429,0.816327,0.428443
0.591837,0.816327,0.408034
0.612245,0.816327,0.387627
0.632653,0.816327,0.367220
0.653061,0.816327,0.346815
0.673469,0.816327,0.326410
0.693878,0.816327,0.306006
0.714286,0.816327,0.285602
0.734694,0.816327,0.265200
0.755102,0.816327,0.244797
0.775510,0.816327,0.224396
0.795918,0.816327,0.203995
0.816327,0.816327,0.183594
0.836735,0.816327,0.163194
0.857143,0.816327,0.142794
0.877551,0.816327,0.122394
0.897959,0.816327,0.101995
0.918367,0.816327,0.081595
0.938776,0.816327,0.061196
0.959184,0.816327,0.040798
0.979592,0.816327,0.020399
1.000000,0.816327,0.000000
0.000000,0.836735,1.000000
0.020408,0.836735,0.979595
0.040816,0.836735,0.959184
0.061224,0.836735,0.938773
0.081633,0.836735,0.918368
0.102041,0.836735,0.897958
0.122449,0.836735,0.877554
0.142857,0.836735,0.857143
0.163265,0.836735,0.836729
0.183673,0.836735,0.816320
0.204082,0.836735,0.795917
0.224490,0.836735,0.775513
0.244898,0.836735,0.755106
0.265306,0.836735,0.734693
0.285714,0.836735,0.714275
0.306122,0.836735,0.693854
0.326531,0.836735,0.673432
0.346939,0.836735,0.653010
0.367347,0.836735,0.632589
0.387755,0.836735,0.612168
0.408163,0.836735,0.591749
0.428571,0.836735,0.571332
0.448980,0.836735,0.550915
0.469388,0.836735,0.530500
0.489796,0.836735,0.510087
0.510204,0.836735,0.489674
0.530612,0.836735,0.469263
0.551020,0.836735,0.448852
0.571429,0.836735,0.428443
0.591837,0.836735,0.408035
0.612245,0.836735,0.387627
0.632653,0.836735,0.367221
0.653061,0.836735,0.346815
0.673469,0.836735,0.326410
0.693878,0.836735,0.306006
0.714286,0.836735,0.285603
0.734694,0.836735,0.265200
0.755102,0.836735,0.244798
0.775510,0.836735,0.224396
0.795918,0.836735,0.203995
0.816327,0.836735,0.183594
0.836735,0.836735,0.163194
0.857143,0.836735,0.142794
0.877551,0.836735,0.122394
0.897959,0.836735,0.101995
0.918367,0.836735,0.081596
0.938776,0.836735,0.061196
0.959184,0.836735,0.040798
0.979592,0.836735,0.020399
1.000000,0.836735,0.000000
0.000000,0.857143,1.000000
0.020408,0.857143,0.979595
0.040816,0.857143,0.959184
0.061224,0.857143,0.938773
0.081633,0.857143,0.918369
0.102041,0.857143,0.897958
0.122449,0.857143,0.877554
0.142857,0.857143,0.857144
0.163265,0.857143,0.836731
0.183673,0.857143,0.816322
0.204082,0.857143,0.795917
0.224490,0.857143,0.775513
0.244898,0.857143,0.755105
0.265306,0.857143,0.734691
0.285714,0.857143,0.714274
0.306122,0.857143,0.693853
0.326531,0.857143,0.673431
0.346939,0.857143,0.653010
0.367347,0.857143,0.632588
0.387755,0.857143,0.612168
0.408163,0.857143,0.591749
0.428571,0.857143,0.571332
0.448980,0.857143,0.550916
0.469388,0.857143,0.530501
0.489796,0.857143,0.510087
0.510204,0.857143,0.489674
0.530612,0.857143,0.469263
0.551020,0.857143,0.448853
0.571429,0.857143,0.428443
0.591837,0.857143,0.408035
0.612245,0.857143,0.387628
0.632653,0.857143,0.367221
0.653061,0.857143,0.346816
0.673469,0.857143,0.326411
0.693878,0.857143,0.306007
0.714286,0.857143,0.285603
0.734694,0.857143,0.265200
0.755102,0.857143,0.244798
0.775510,0.857143,0.224397
0.795918,0.857143,0.203995
0.816327,0.857143,0.183595
0.836735,0.857143,0.163194
0.857143,0.857143,0.142794
0.877551,0.857143,0.122394
0.897959,0.857143,0.101995
0.918367,0.857143,0.081596
0.938776,0.857143,0.061197
0.959184,0.857143,0.040798
0.979592,0.857143,0.020399
1.000000,0.857143,0.000000
0.000000,0.877551,1.000000
0.020408,0.877551,0.979595
0.040816,0.877551,0.959184
0.061224,0.877551,0.938773
0.081633,0.877551,0.918369
0.102041,0.877551,0.897958
0.122449,0.877551,0.877552
0.142857,0.877551,0.857143
0.163265,0.877551,0.836732
0.183673,0.877551,0.816323
0.204082,0.877551,0.795918
0.224490,0.877551,0.775512
0.244898,0.877551,0.755104
0.265306,0.877551,0.734690
0.285714,0.877551,0.714273
0.306122,0.877551,0.693852
0.326531,0.877551,0.673431
0.346939,0.877551,0.653009
0.367347,0.877551,0.632588
0.387755,0.877551,0.612168
0.408163,0.877551,0.591749
0.428571,0.877551,0.571332
0.448980,0.877551,0.550916
0.469388,0.877551,0.530501
0.489796,0.877551,0.510087
0.510204,0.877551,0.489675
0.530612,0.877551,0.469263
0.551020,0.877551,0.448853
0.571429,0.877551,0.428444
0.591837,0.877551,0.408036
0.612245,0.877551,0.387628
0.632653,0.877551,0.367222
0.653061,0.877551,0.346816
0.673469,0.877551,0.326411
0.693878,0.877551,0.306007
0.714286,0.877551,0.285604
0.734694,0.877551,0.265201
0.755102,0.877551,0.244799
0.775510,0.877551,0.224397
0.795918,0.877551,0.203996
0.816327,0.877551,0.183595
0.836735,0.877551,0.163194
0.857143,0.877551,0.142794
0.877551,0.877551,0.122395
0.897959,0.877551,0.101995
0.918367,0.877551,0.081596
0.938776,0.877551,0.061197
0.959184,0.877551,0.040798
0.979592,0.877551,0.020399
1.000000,0.877551,0.000000
0.000000,0.897959,1.000000
0.020408,0.897959,0.979595
0.040816,0.897959,0.959184
0.061224,0.897959,0.938772
0.081633,0.897959,0.918369
0.102041,0.897959,0.897959
0.122449,0.897959,0.877551
0.142857,0.897959,0.857141
0.163265,0.897959,0.836732
0.183673,0.897959,0.816324
0.204082,0.897959,0.795919
0.224490,0.897959,0.775513
0.244898,0.897959,0.755103
0.265306,0.897959,0.734689
0.285714,0.897959,0.714271
0.306122,0.897959,0.693851
0.326531,0.897959,0.673430
0.346939,0.897959,0.653008
0.367347,0.897959,0.632588
0.387755,0.897959,0.612168
0.408163,0.897959,0.591749
0.428571,0.897959,0.571332
0.448980,0.897959,0.550916
0.469388,0.897959,0.530501
0.489796,0.897959,0.510087
0.510204,0.897959,0.489675
0.530612,0.897959,0.469264
0.551020,0.897959,0.448853
0.571429,0.897959,0.428444
0.591837,0.897959,0.408036
0.612245,0.897959,0.387629
0.632653,0.897959,0.367222
0.653061,0.897959,0.346817
0.673469,0.897959,0.326412
0.693878,0.897959,0.306008
0.714286,0.897959,0.285604
0.734694,0.897959,0.265201
0.755102,0.897959,0.244799
0.775510,0.897959,0.224397
0.795918,0.897959,0.203996
0.816327,0.897959,0.183595
0.836735,0.897959,0.163195
0.857143,0.897959,0.142795
0.877551,0.897959,0.122395
0.897959,0.897959,0.101995
0.918367,0.897959,0.081596
0.938776,0.897959,0.061197
0.959184,0.897959,0.040798
0.979592,0.897959,0.020399
1.000000,0.897959,0.000000
0.000000,0.918367,1.000000
0.020408,0.918367,0.979595
0.040816,0.918367,0.959184
0.061224,0.918367,0.938772
0.081633,0.918367,0.918369
0.102041,0.918367,0.897962
0.122449,0.918367,0.877551
0.142857,0.918367,0.857140
0.163265,0.918367,0.836731
0.183673,0.918367,0.816324
0.204082,0.918367,0.795919
0.224490,0.918367,0.775513
0.244898,0.918367,0.755102
0.265306,0.918367,0.734688
0.285714,0.918367,0.714270
0.306122,0.918367,0.693850
0.326531,0.918367,0.673429
0.346939,0.918367,0.653008
0.367347,0.918367,0.632587
0.387755,0.918367,0.612168
0.408163,0.918367,0.591749
0.428571,0.918367,0.571332
0.448980,0.918367,0.550916
0.469388,0.918367,0.530501
0.489796,0.918367,0.510088
0.510204,0.918367,0.489675
0.530612,0.918367,0.469264
0.551020,0.918367,0.448854
0.571429,0.918367,0.428444
0.591837,0.918367,0.408036
0.612245,0.918367,0.387629
0.632653,0.918367,0.367222
0.653061,0.918367,0.346817
0.673469,0.918367,0.326412
0.693878,0.918367,0.306008
0.714286,0.918367,0.285604
0.734694,0.918367,0.265201
0.755102,0.918367,0.244799
0.775510,0.918367,0.224397
0.795918,0.918367,0.203996
0.816327,0.918367,0.183595
0.836735,0.918367,0.163195
0.857143,0.918367,0.142795
0.877551,0.918367,0.122395
0.897959,0.918367,0.101995
0.918367,0.918367,0.081596
0.938776,0.918367,0.061197
0.959184,0.918367,0.040798
0.979592,0.918367,0.020399
1.000000,0.918367,0.000000
0.000000,0.938776,1.000000
0.020408,0.938776,0.979595
0.040816,0.938776,0.959185
0.061224,0.938776,0.938771
0.081633,0.938776,0.918366
0.102041,0.938776,0.897964
0.122449,0.938776,0.877554
0.142857,0.938776,0.857142
0.163265,0.938776,0.836732
0.183673,0.938776,0.816325
0.204082,0.938776,0.795920
0.224490,0.938776,0.775513
0.244898,0.938776,0.755102
0.265306,0.938776,0.734687
0.285714,0.938776,0.714269
0.306122,0.938776,0.693849
0.326531,0.938776,0.673428
0.346939,0.938776,0.653007
0.367347,0.938776,0.632587
0.387755,0.938776,0.612167
0.408163,0.938776,0.591749
0.428571,0.938776,0.571332
0.448980,0.938776,0.550916
0.469388,0.938776,0.530501
0.489796,0.938776,0.510088
0.510204,0.938776,0.489675
0.530612,0.938776,0.469264
0.551020,0.938776,0.448854
0.571429,0.938776,0.428445
0.591837,0.938776,0.408037
0.612245,0.938776,0.387629
0.632653,0.938776,0.367223
0.653061,0.938776,0.346817
0.673469,0.938776,0.326412
0.693878,0.938776,0.306008
0.714286,0.938776,0.285605
0.734694,0.938776,0.265202
0.755102,0.938776,0.244799
0.775510,0.938776,0.224398
0.795918,0.938776,0.203996
0.816327,0.938776,0.183596
0.836735,0.938776,0.163195
0.857143,0.938776,0.142795
0.877551,0.938776,0.122395
0.897959,0.938776,0.101996
0.918367,0.938776,0.081596
0.938776,0.938776,0.061197
0.959184,0.938776,0.040798
0.979592,0.938776,0.020399
1.000000,0.938776,0.000000
0.000000,0.959184,1.000000
0.020408,0.959184,0.979595
0.040816,0.959184,0.959187
0.061224,0.959184,0.938773
0.081633,0.959184,0.918363
0.102041,0.959184,0.897959
0.122449,0.959184,0.877551
0.142857,0.959184,0.857141
0.163265,0.959184,0.836733
0.183673,0.959184,0.816327
0.204082,0.959184,0.795921
0.224490,0.959184,0.775513
0.244898,0.959184,0.755101
0.265306,0.959184,0.734686
0.285714,0.959184,0.714268
0.306122,0.959184,0.693848
0.326531,0.959184,0.673427
0.346939,0.959184,0.653007
0.367347,0.959184,0.632586
0.387755,0.959184,0.612167
0.408163,0.959184,0.591749
0.428571,0.959184,0.571332
0.448980,0.959184,0.550916
0.469388,0.959184,0.530501
0.489796,0.959184,0.510088
0.510204,0.959184,0.489676
0.530612,0.959184,0.469264
0.551020,0.959184,0.448854
0.571429,0.959184,0.428445
0.591837,0.959184,0.408037
0.612245,0.959184,0.387629
0.632653,0.959184,0.367223
0.653061,0.959184,0.346817
0.673469,0.959184,0.326412
0.693878,0.959184,0.306008
0.714286,0.959184,0.285605
0.734694,0.959184,0.265202
0.755102,0.959184,0.244800
0.775510,0.959184,0.224398
0.795918,0.959184,0.203996
0.816327,0.959184,0.183596
0.836735,0.959184,0.163195
0.857143,0.959184,0.142795
0.877551,0.959184,0.122395
0.897959,0.959184,0.101996
0.918367,0.959184,0.081596
0.938776,0.959184,0.061197
0.959184,0.959184,0.040798
0.979592,0.959184,0.020399
1.000000,0.959184,0.000000
0.000000,0.979592,1.000000
0.020408,0.979592,0.979594
0.040816,0.979592,0.959188
0.061224,0.979592,0.938780
0.081633,0.979592,0.918369
0.102041,0.979592,0.897959
0.122449,0.979592,0.877550
0.142857,0.979592,0.857141
0.163265,0.979592,0.836733
0.183673,0.979592,0.816328
0.204082,0.979592,0.795922
0.224490,0.979592,0.775513
0.244898,0.979592,0.755101
0.265306,0.979592,0.734686
0.285714,0.979592,0.714268
0.306122,0.979592,0.693848
0.326531,0.979592,0.673427
0.346939,0.979592,0.653006
0.367347,0.979592,0.632586
0.387755,0.979592,0.612167
0.408163,0.979592,0.591749
0.428571,0.979592,0.571332
0.448980,0.979592,0.550916
0.469388,0.979592,0.530501
0.489796,0.979592,0.510088
0.510204,0.979592,0.489676
0.530612,0.979592,0.469264
0.551020,0.979592,0.448854
0.571429,0.979592,0.428445
0.591837,0.979592,0.408037
0.612245,0.979592,0.387630
0.632653,0.979592,0.367223
0.653061,0.979592,0.346817
0.673469,0.979592,0.326413
0.693878,0.979592,0.306008
0.714286,0.979592,0.285605
0.734694,0.979592,0.265202
0.755102,0.979592,0.244800
0.775510,0.979592,0.224398
0.795918,0.979592,0.203997
0.816327,0.979592,0.183596
0.836735,0.979592,0.163195
0.857143,0.979592,0.142795
0.877551,0.979592,0.122395
0.897959,0.979592,0.101996
0.918367,0.979592,0.081596
0.938776,0.979592,0.061197
0.959184,0.979592,0.040798
0.979592,0.979592,0.020399
1.000000,0.979592,0.000000
0.000000,1.000000,1.000000
0.020408,1.000000,0.979594
0.040816,1.000000,0.959188
0.061224,1.000000,0.938780
0.081633,1.000000,0.918369
0.102041,1.000000,0.897959
0.122449,1.000000,0.877550
0.142857,1.000000,0.857141
0.163265,1.000000,0.836733
0.183673,1.000000,0.816328
0.204082,1.000000,0.795922
0.224490,1.000000,0.775513
0.244898,1.000000,0.755101
0.265306,1.000000,0.734686
0.285714,1.000000,0.714268
0.306122,1.000000,0.693848
0.326531,1.000000,0.673427
0.346939,1.000000,0.653006
0.367347,1.000000,0.632586
0.387755,1.000000,0.612167
0.408163,1.000000,0.591749
0.428571,1.000000,0.571332
0.448980,1.000000,0.550916
0.469388,1.000000,0.530501
0.489796,1.000000,0.510088
0.510204,1.000000,0.489676
0.530612,1.000000,0.469264
0.551020,1.000000,0.448854
0.571429,1.000000,0.428445
0.591837,1.000000,0.408037
0.612245,1.000000,0.387630
0.632653,1.000000,0.367223
0.653061,1.000000,0.346817
0.673469,1.000000,0.326413
0.693878,1.000000,0.306008
0.714286,1.000000,0.285605
0.734694,1.000000,0.265202
0.755102,1.000000,0.244800
0.775510,1.000000,0.224398
0.795918,1.000000,0.203997
0.816327,1.000000,0.183596
0.836735,1.000000,0.163195
0.857143,1.000000,0.142795
0.877551,1.000000,0.122395
0.897959,1.000000,0.101996
0.918367,1.000000,0.081596
0.938776,1.000000,0.061197
0.959184,1.000000,0.040798
0.979592,1.000000,0.020399
1.000000,1.000000,0.000000
